<?xml version="1.0" encoding="UTF-8"?>
<project-private xmlns="http://www.netbeans.org/ns/project-private/1">
    <open-files xmlns="http://www.netbeans.org/ns/projectui-open-files/2">
        <group>
            <file>file:/C:/Users/Lorenzo/Documents/NetBeansProjects/Atividade6_4/src/atividade6_4/Calculadora.java</file>
            <file>file:/C:/Users/Lorenzo/Documents/NetBeansProjects/Atividade6_4/src/atividade6_4/Atividade6_4.java</file>
        </group>
    </open-files>
</project-private>
