<?xml version="1.0" encoding="UTF-8"?>
<project-private xmlns="http://www.netbeans.org/ns/project-private/1">
    <editor-bookmarks xmlns="http://www.netbeans.org/ns/editor-bookmarks/2" lastBookmarkId="0"/>
    <open-files xmlns="http://www.netbeans.org/ns/projectui-open-files/2">
        <group>
            <file>file:/C:/Users/aluno.saolucas/Documents/NetBeansProjects/Atividade6_2/src/atividade6_2/Atividade6_2.java</file>
            <file>file:/C:/Users/aluno.saolucas/Documents/NetBeansProjects/Atividade6_2/src/atividade6_2/Pessoa.java</file>
        </group>
    </open-files>
</project-private>
